insert into PROJECT (NAME, DESCRIPTION)
select CONCAT('Projeto ', TO_CHAR(nextval, 'fm00')),
       CONCAT('Descrição do projeto ', TO_CHAR(nextval, 'fm00'))
FROM generate_series(1, 20) as nextval;

insert into SEASONALITY (YEAR)
select (nextval)
FROM generate_series(2002, 2022) as nextval;

insert into SEASONALITY_MONTH_DATA (SEASONALITY_ID, MONTH_NAME, PERCENTAGE, VALUE)
values (1, 'JANUARY', 7.33, null),
       (1, 'FEBRUARY', 9.33, null),
       (1, 'MARCH', 8.33, null),
       (1, 'APRIL', 8.33, null),
       (1, 'MAY', 4.33, null),
       (1, 'JUNE', 8.33, null),
       (1, 'JULY', 9.33, null),
       (1, 'AUGUST', 10.33, null),
       (1, 'SEPTEMBER', 9.33, null),
       (1, 'OCTOBER', 8.33, null),
       (1, 'NOVEMBER', 6.33, null),
       (1, 'DECEMBER', 10.37, null),

       (2, 'JANUARY', 8.33, null),
       (2, 'FEBRUARY', 8.33, null),
       (2, 'MARCH', 8.33, null),
       (2, 'APRIL', 8.33, null),
       (2, 'MAY', 2.33, null),
       (2, 'JUNE', 10.33, null),
       (2, 'JULY', 12.33, null),
       (2, 'AUGUST', 8.33, null),
       (2, 'SEPTEMBER', 8.33, null),
       (2, 'OCTOBER', 8.33, null),
       (2, 'NOVEMBER', 8.33, null),
       (2, 'DECEMBER', 8.37, null),

       (3, 'JANUARY', 1.33, null),
       (3, 'FEBRUARY', 5.33, null),
       (3, 'MARCH', 9.33, null),
       (3, 'APRIL', 10.33, null),
       (3, 'MAY', 9.33, null),
       (3, 'JUNE', 12.33, null),
       (3, 'JULY', 8.33, null),
       (3, 'AUGUST', 8.33, null),
       (3, 'SEPTEMBER', 10.33, null),
       (3, 'OCTOBER', 8.33, null),
       (3, 'NOVEMBER', 8.33, null),
       (3, 'DECEMBER', 8.37, null),

       (4, 'JANUARY', 10.33, 1099.30),
       (4, 'FEBRUARY', 8.33, 1099.30),
       (4, 'MARCH', 8.33, 1099.30),
       (4, 'APRIL', 8.33, 1099.30),
       (4, 'MAY', 8.33, 1099.30),
       (4, 'JUNE', 8.33, 1099.30),
       (4, 'JULY', 6.33, 1099.30),
       (4, 'AUGUST', 9.33, 1099.30),
       (4, 'SEPTEMBER', 11.33, 1099.30),
       (4, 'OCTOBER', 8.33, 1099.30),
       (4, 'NOVEMBER', 4.33, 1099.30),
       (4, 'DECEMBER', 8.37, 1099.30),

       (5, 'JANUARY', 8.33, 1099.30),
       (5, 'FEBRUARY', 8.33, 1099.30),
       (5, 'MARCH', 8.33, 1099.30),
       (5, 'APRIL', 1.33, 1099.30),
       (5, 'MAY', 8.33, 1099.30),
       (5, 'JUNE', 5.33, 1099.30),
       (5, 'JULY', 8.33, 1099.30),
       (5, 'AUGUST', 2.33, 1099.30),
       (5, 'SEPTEMBER', 8.33, 1099.30),
       (5, 'OCTOBER', 10.33, 1099.30),
       (5, 'NOVEMBER', 12.33, 1099.30),
       (5, 'DECEMBER', 8.37, 1099.30),

       (6, 'JANUARY', 8.33, 1099.30),
       (6, 'FEBRUARY', 8.33, 1099.30),
       (6, 'MARCH', 7.33, 1099.30),
       (6, 'APRIL', 9.33, 1099.30),
       (6, 'MAY', 1.33, 1099.30),
       (6, 'JUNE', 9.33, 1099.30),
       (6, 'JULY', 11.33, 1099.30),
       (6, 'AUGUST', 10.33, 1099.30),
       (6, 'SEPTEMBER', 9.33, 1099.30),
       (6, 'OCTOBER', 9.33, 1099.30),
       (6, 'NOVEMBER', 6.33, 1099.30),
       (6, 'DECEMBER', 10.37, 1099.30),

       (7, 'JANUARY', 8.33, 1099.30),
       (7, 'FEBRUARY', 8.33, 1099.30),
       (7, 'MARCH', 7.33, 1099.30),
       (7, 'APRIL', 9.33, 1099.30),
       (7, 'MAY', 2.33, 1099.30),
       (7, 'JUNE', 9.33, 1099.30),
       (7, 'JULY', 9.33, 1099.30),
       (7, 'AUGUST', 10.33, 1099.30),
       (7, 'SEPTEMBER', 9.33, 1099.30),
       (7, 'OCTOBER', 9.33, 1099.30),
       (7, 'NOVEMBER', 8.33, 1099.30),
       (7, 'DECEMBER', 8.37, 1099.30),

       (8, 'JANUARY', 8.33, 1099.30),
       (8, 'FEBRUARY', 6.33, 1099.30),
       (8, 'MARCH', 6.33, 1099.30),
       (8, 'APRIL', 10.33, 1099.30),
       (8, 'MAY', 1.33, 1099.30),
       (8, 'JUNE', 9.33, 1099.30),
       (8, 'JULY', 11.33, 1099.30),
       (8, 'AUGUST', 10.33, 1099.30),
       (8, 'SEPTEMBER', 9.33, 1099.30),
       (8, 'OCTOBER', 9.33, 1099.30),
       (8, 'NOVEMBER', 8.33, 1099.30),
       (8, 'DECEMBER', 8.37, 1099.30),

       (9, 'JANUARY', 8.33, 1099.30),
       (9, 'FEBRUARY', 8.33, 1099.30),
       (9, 'MARCH', 7.33, 1099.30),
       (9, 'APRIL', 9.33, 1099.30),
       (9, 'MAY', 1.33, 1099.30),
       (9, 'JUNE', 9.33, 1099.30),
       (9, 'JULY', 12.33, 1099.30),
       (9, 'AUGUST', 12.33, 1099.30),
       (9, 'SEPTEMBER', 9.33, 1099.30),
       (9, 'OCTOBER', 9.33, 1099.30),
       (9, 'NOVEMBER', 7.33, 1099.30),
       (9, 'DECEMBER', 6.37, 1099.30),

       (10, 'JANUARY', 8.33, 1099.30),
       (10, 'FEBRUARY', 8.33, 1099.30),
       (10, 'MARCH', 7.33, 1099.30),
       (10, 'APRIL', 9.33, 1099.30),
       (10, 'MAY', 1.33, 1099.30),
       (10, 'JUNE', 9.33, 1099.30),
       (10, 'JULY', 11.33, 1099.30),
       (10, 'AUGUST', 10.33, 1099.30),
       (10, 'SEPTEMBER', 9.33, 1099.30),
       (10, 'OCTOBER', 9.33, 1099.30),
       (10, 'NOVEMBER', 8.33, 1099.30),
       (10, 'DECEMBER', 8.37, 1099.30),

       (11, 'JANUARY', 8.33, 1099.30),
       (11, 'FEBRUARY', 8.33, 1099.30),
       (11, 'MARCH', 7.33, 1099.30),
       (11, 'APRIL', 9.33, 1099.30),
       (11, 'MAY', 1.33, 1099.30),
       (11, 'JUNE', 9.33, 1099.30),
       (11, 'JULY', 11.33, 1099.30),
       (11, 'AUGUST', 10.33, 1099.30),
       (11, 'SEPTEMBER', 9.33, 1099.30),
       (11, 'OCTOBER', 9.33, 1099.30),
       (11, 'NOVEMBER', 8.33, 1099.30),
       (11, 'DECEMBER', 8.37, 1099.30),

       (12, 'JANUARY', 8.33, 1099.30),
       (12, 'FEBRUARY', 8.33, 1099.30),
       (12, 'MARCH', 7.33, 1099.30),
       (12, 'APRIL', 9.33, 1099.30),
       (12, 'MAY', 2.33, 1099.30),
       (12, 'JUNE', 8.33, 1099.30),
       (12, 'JULY', 11.33, 1099.30),
       (12, 'AUGUST', 10.33, 1099.30),
       (12, 'SEPTEMBER', 9.33, 1099.30),
       (12, 'OCTOBER', 9.33, 1099.30),
       (12, 'NOVEMBER', 8.33, 1099.30),
       (12, 'DECEMBER', 8.37, 1099.30),

       (13, 'JANUARY', 8.33, 1099.30),
       (13, 'FEBRUARY', 8.33, 1099.30),
       (13, 'MARCH', 7.33, 1099.30),
       (13, 'APRIL', 9.33, 1099.30),
       (13, 'MAY', 1.33, 1099.30),
       (13, 'JUNE', 9.33, 1099.30),
       (13, 'JULY', 11.33, 1099.30),
       (13, 'AUGUST', 10.33, 1099.30),
       (13, 'SEPTEMBER', 9.33, 1099.30),
       (13, 'OCTOBER', 9.33, 1099.30),
       (13, 'NOVEMBER', 8.33, 1099.30),
       (13, 'DECEMBER', 8.37, 1099.30),

       (14, 'JANUARY', 8.33, 1099.30),
       (14, 'FEBRUARY', 8.33, 1099.30),
       (14, 'MARCH', 7.33, 1099.30),
       (14, 'APRIL', 9.33, 1099.30),
       (14, 'MAY', 1.33, 1099.30),
       (14, 'JUNE', 9.33, 1099.30),
       (14, 'JULY', 11.33, 1099.30),
       (14, 'AUGUST', 10.33, 1099.30),
       (14, 'SEPTEMBER', 8.33, 1099.30),
       (14, 'OCTOBER', 10.33, 1099.30),
       (14, 'NOVEMBER', 8.33, 1099.30),
       (14, 'DECEMBER', 8.37, 1099.30),

       (15, 'JANUARY', 8.33, 1099.30),
       (15, 'FEBRUARY', 8.33, 1099.30),
       (15, 'MARCH', 6.33, 1099.30),
       (15, 'APRIL', 10.33, 1099.30),
       (15, 'MAY', 1.33, 1099.30),
       (15, 'JUNE', 9.33, 1099.30),
       (15, 'JULY', 11.33, 1099.30),
       (15, 'AUGUST', 10.33, 1099.30),
       (15, 'SEPTEMBER', 9.33, 1099.30),
       (15, 'OCTOBER', 9.33, 1099.30),
       (15, 'NOVEMBER', 8.33, 1099.30),
       (15, 'DECEMBER', 8.37, 1099.30),


       (16, 'JANUARY', 8.33, 1099.30),
       (16, 'FEBRUARY', 8.33, 1099.30),
       (16, 'MARCH', 6.33, 1099.30),
       (16, 'APRIL', 10.33, 1099.30),
       (16, 'MAY', 1.33, 1099.30),
       (16, 'JUNE', 8.33, 1099.30),
       (16, 'JULY', 12.33, 1099.30),
       (16, 'AUGUST', 10.33, 1099.30),
       (16, 'SEPTEMBER', 9.33, 1099.30),
       (16, 'OCTOBER', 9.33, 1099.30),
       (16, 'NOVEMBER', 8.33, 1099.30),
       (16, 'DECEMBER', 8.37, 1099.30),

       (17, 'JANUARY', 8.33, 1099.30),
       (17, 'FEBRUARY', 7.33, 1099.30),
       (17, 'MARCH', 6.33, 1099.30),
       (17, 'APRIL', 8.33, 1099.30),
       (17, 'MAY', 4.33, 1099.30),
       (17, 'JUNE', 9.33, 1099.30),
       (17, 'JULY', 11.33, 1099.30),
       (17, 'AUGUST', 10.33, 1099.30),
       (17, 'SEPTEMBER', 9.33, 1099.30),
       (17, 'OCTOBER', 9.33, 1099.30),
       (17, 'NOVEMBER', 8.33, 1099.30),
       (17, 'DECEMBER', 8.37, 1099.30),

       (18, 'JANUARY', 8.33, 1099.30),
       (18, 'FEBRUARY', 8.33, 1099.30),
       (18, 'MARCH', 7.33, 1099.30),
       (18, 'APRIL', 9.33, 1099.30),
       (18, 'MAY', 5.33, 1099.30),
       (18, 'JUNE', 9.33, 1099.30),
       (18, 'JULY', 11.33, 1099.30),
       (18, 'AUGUST', 6.33, 1099.30),
       (18, 'SEPTEMBER', 9.33, 1099.30),
       (18, 'OCTOBER', 9.33, 1099.30),
       (18, 'NOVEMBER', 8.33, 1099.30),
       (18, 'DECEMBER', 8.37, 1099.30);

insert into PRODUCT_CONFIG (SEASONALITY_ID, NAME)
values (1, 'Açucar'),
       (2, 'Arroz'),
       (3, 'Trigo'),
       (4, 'Milho'),
       (5, 'Café'),
       (6, 'Feijão'),
       (7, 'Algodão'),
       (8, 'Cana de Açucar'),
       (9, 'Laranja'),
       (10, 'Mandioca'),
       (11, 'Soja'),
       (12, 'Tomate'),
       (13, 'Banana'),
       (14, 'Batata'),
       (15, 'Cebola'),
       (16, 'Coco'),
       (17, 'Maçã'),
       (18, 'Mamão'),
       (19, 'Melancia'),
       (20, 'Melão');


insert into PRODUCT (PROJECT_ID, SEASONALITY_ID, NAME, VOLUME)
values (1, 4, 'Abacaxi', 1453.30),
       (1, 5, 'Arroz', 1853.30),
       (1, 6, 'Soja', 1533.30),
       (2, 7, 'Açucar', 1453.30),
       (2, 8, 'Mandioca', 1853.30),
       (3, 9, 'Acerola', 1533.30);


-- To be removed
insert into DIMENSION (HEIGHT, LENGTH, WIDTH)
values (1723.30, 299.30, 453.30),
       (1223.30, 299.30, 853.30),
       (3723.30, 799.30, 1533.30);

insert into TREM_TIPO (DIMENSION_ID, NAME, VOLUME, APPLICABLE_MODAL_TYPE)
values (1, 'Caminhão pesado ou Truck', 24.0, 'RODOVIARIO'),
       (2, 'Caminhão Volvo FH 540', 18.0, 'RODOVIARIO'),
       (2, 'Caminhão 777', 18.0, 'RODOVIARIO'),
       (3, 'Bitrem', 30.0, 'RODOVIARIO'),
       (3, 'Navio graneleiro.', 30.0, 'MARITIMO'),
       (3, 'Navio 2', 30.0, 'MARITIMO'),
       (3, 'Navio container', 30.0, 'MARITIMO'),
       (3, 'Trem', 30.0, 'FERROVIARIO'),
       (3, 'Trem container', 30.0, 'FERROVIARIO'),
       (3, 'Trem 2', 30.0, 'FERROVIARIO'),
       (3, 'Trem 3', 30.0, 'FERROVIARIO'),
       (3, 'Barco cargueiro', 30.0, 'HIDROVIARIO'),
       (3, 'Barco 2', 30.0, 'HIDROVIARIO');

insert into TRANSPORTER (NAME, VOLUME, APPLICABLE_MODAL_TYPE)
values ('Transportador A', 24.0, 'RODOVIARIO'),
       ('Transportador B', 18.0, 'HIDROVIARIO'),
       ('Transportador C', 30.0, 'FERROVIARIO'),
       ('Transportador D', 30.0, 'MARITIMO'),
       ('Transportador E', 30.0, 'MARITIMO'),
       ('Transportador F', 30.0, 'MARITIMO'),
       ('Transportador G', 30.0, 'MARITIMO'),
       ('Transportador H', 30.0, 'MARITIMO'),
       ('Transportador I', 30.0, 'MARITIMO'),
       ('Transportador J', 30.0, 'MARITIMO'),
       ('Transportador K', 30.0, 'MARITIMO'),
       ('Transportador L', 30.0, 'MARITIMO'),
       ('Transportador M', 30.0, 'MARITIMO'),
       ('Transportador N', 30.0, 'MARITIMO'),
       ('Transportador O', 30.0, 'MARITIMO'),
       ('Transportador P', 30.0, 'MARITIMO'),
       ('Transportador Q', 30.0, 'MARITIMO'),
       ('Transportador R', 30.0, 'MARITIMO'),
       ('Transportador S', 30.0, 'MARITIMO'),
       ('Transportador T', 30.0, 'MARITIMO'),
       ('Transportador U', 30.0, 'MARITIMO'),
       ('Transportador V', 30.0, 'MARITIMO'),
       ('Transportador W', 30.0, 'MARITIMO'),
       ('Transportador X', 30.0, 'MARITIMO'),
       ('Transportador Y', 30.0, 'MARITIMO'),
       ('Transportador Z', 30.0, 'MARITIMO');

insert into MODAL (PRODUCT_ID, SEASONALITY_ID, TREM_TIPO_ID, TRANSPORTER_ID, TYPE, FLOW_TYPE, SHARE, EXPEDICAO_CAPACITY,
                   DAYS_BY_MONTH)
values (1, 1, 1, 1, 'RODOVIARIO', 'RECEPCAO', 30.0, null, 30),
       (1, 1, 2, 2, 'RODOVIARIO', 'RECEPCAO', 30.0, null, 30),
       (1, 1, 3, 3, 'RODOVIARIO', 'EXPEDICAO', 40.0, 40.0, 30);


insert into APP_FEATURE_TOGGLE (KEY, VALUE)
values ('USER_SUGGESTIONS', true),
       ('DISCORD_LOG', true);